key,key:booking,key:passenger,key:customer,published
bookingPassenger-09,booking-06,passenger-09,customer-02,false
bookingPassenger-04,booking-05,passenger-08,customer-01,false
bookingPassenger-08,booking-05,passenger-07,customer-01,false
bookingPassenger-05,booking-04,passenger-06,customer-02,false
bookingPassenger-06,booking-03,passenger-05,customer-02,true
bookingPassenger-07,booking-01,passenger-01,customer-01,true
bookingPassenger-02,booking-01,passenger-02,customer-01,true
bookingPassenger-03,booking-02,passenger-03,customer-01,false
bookingPassenger-01,booking-02,passenger-04,customer-01,false
